id,full_name,first_name,last_name,phone_number
1,Leila Ruddick,Leila,Ruddick,996(696)476-9493
2,Elroy Kohrding,Elroy,Kohrding,7(342)124-4818
3,Ebenezer Vaud,Ebenezer,Vaud,351(514)131-4102
4,Georgianna Lillford,Georgianna,Lillford,86(125)889-2705
5,Sarina McMarquis,Sarina,McMarquis,81(653)645-4714
6,Charin Wass,Charin,Wass,48(171)207-5006
7,Alair Harower,Alair,Harower,230(952)254-2856
8,Frank Bardill,Frank,Bardill,51(336)334-1278
9,Hadleigh Zold,Hadleigh,Zold,86(400)649-0538
10,Lanie Hagley,Lanie,Hagley,63(996)834-3794
11,Kandy Godfrey,Kandy,Godfrey,86(495)856-3578
12,Waring Mordy,Waring,Mordy,62(922)388-7545
13,Lilia Ellerker,Lilia,Ellerker,86(523)430-1507
14,Darla Halfacree,Darla,Halfacree,30(870)704-5639
15,Rosalie McGaugey,Rosalie,McGaugey,1(909)642-2495
16,Florie Satchell,Florie,Satchell,52(586)779-1666
17,Cirilo Kyndred,Cirilo,Kyndred,353(286)379-0766
18,Lizabeth Kilshall,Lizabeth,Kilshall,86(763)709-8753
19,Jocko Crutch,Jocko,Crutch,33(583)906-9913
20,Irene Albert,Irene,Albert,62(185)986-1070
21,Cosette Parrot,Cosette,Parrot,86(318)201-5689
22,Melisse Shilton,Melisse,Shilton,212(830)563-1091
23,Willa Bubbings,Willa,Bubbings,46(467)187-7051
24,Robbi Freegard,Robbi,Freegard,420(355)164-2092
25,Crin MacMenamie,Crin,MacMenamie,63(816)897-7174
26,Brennan Orrock,Brennan,Orrock,48(326)465-3411
27,Hieronymus Blaskett,Hieronymus,Blaskett,55(349)599-8866
28,Gearard Chalcraft,Gearard,Chalcraft,967(148)674-9523
29,Terence Balhatchet,Terence,Balhatchet,351(905)372-6077
30,Boonie Flather,Boonie,Flather,504(630)761-4257
31,Lawrence Jannaway,Lawrence,Jannaway,86(227)105-1344
32,Rebekkah Jukubczak,Rebekkah,Jukubczak,351(774)585-7547
33,Cameron Smallthwaite,Cameron,Smallthwaite,62(232)374-2946
34,Wat Annetts,Wat,Annetts,66(804)389-7926
35,Betsy Scrancher,Betsy,Scrancher,381(149)151-2454
36,Binni Rumming,Binni,Rumming,62(579)581-9409
37,Bambie Benge,Bambie,Benge,86(211)608-3729
38,Weston Olley,Weston,Olley,86(130)252-5866
39,Charmine Maunders,Charmine,Maunders,92(593)729-9872
40,Ennis Dutnall,Ennis,Dutnall,968(366)449-5907
41,Paulie Anthonies,Paulie,Anthonies,86(817)997-8369
42,Gwenette Bezemer,Gwenette,Bezemer,62(382)352-7493
43,Pansy Mattussevich,Pansy,Mattussevich,380(983)370-3141
44,Tobe Boatright,Tobe,Boatright,502(141)451-6640
45,Rube Patshull,Rube,Patshull,27(692)289-3868
46,Mahmud Beavors,Mahmud,Beavors,420(676)630-1818
47,Benedetto Cownden,Benedetto,Cownden,63(416)723-3488
48,Cacilia Sanper,Cacilia,Sanper,351(153)421-4063
49,Cecil Cordy,Cecil,Cordy,62(203)763-5501
50,Thom Mitcham,Thom,Mitcham,385(186)616-2077
51,Coraline Jerdon,Coraline,Jerdon,62(906)288-1488
52,Erna Fallowes,Erna,Fallowes,55(854)499-0789
53,Onfre Casacchia,Onfre,Casacchia,971(419)560-7528
54,Celine Flaune,Celine,Flaune,66(191)311-1807
55,Forester Squirrell,Forester,Squirrell,48(457)911-6423
56,Bride Resun,Bride,Resun,86(317)385-0181
57,Christie Turpin,Christie,Turpin,963(417)537-8882
58,Alexia Porch,Alexia,Porch,63(519)969-3726
59,Moshe Aronowitz,Moshe,Aronowitz,48(855)199-5680
60,Mill Nafzger,Mill,Nafzger,46(227)770-6685
61,Kettie Panchen,Kettie,Panchen,27(733)395-8992
62,Stinky Chatain,Stinky,Chatain,63(529)477-0399
63,Leonardo Halsted,Leonardo,Halsted,234(685)245-1915
64,Lombard Farrant,Lombard,Farrant,30(510)813-2489
65,Kelby Crippill,Kelby,Crippill,62(500)122-2049
66,Shayna Ellul,Shayna,Ellul,86(521)154-8375
67,Nessy Gajewski,Nessy,Gajewski,33(350)921-2235
68,Maybelle Shawdforth,Maybelle,Shawdforth,7(707)282-7580
69,Alexis Cracknell,Alexis,Cracknell,62(869)779-9681
70,Raye Burr,Raye,Burr,46(512)805-0306
71,Arley Rubinfeld,Arley,Rubinfeld,86(567)852-1792
72,Minni Rippin,Minni,Rippin,86(722)958-3884
73,Ralina McKeown,Ralina,McKeown,30(285)168-4257
74,Nana Clissold,Nana,Clissold,84(866)126-6246
75,Kat Reeves,Kat,Reeves,86(473)129-7337
76,Caesar Darleston,Caesar,Darleston,373(885)381-2656
77,Randi Liddle,Randi,Liddle,7(400)194-7922
78,Ronna McGrory,Ronna,McGrory,593(218)348-7628
79,Sydelle Woodyeare,Sydelle,Woodyeare,55(726)656-6186
80,Hubey Parysowna,Hubey,Parysowna,356(123)992-0999
81,Malena Pendlebury,Malena,Pendlebury,48(634)965-2665
82,Haskel Blenkinship,Haskel,Blenkinship,33(831)446-5581
83,Francklin Yarn,Francklin,Yarn,86(806)191-7196
84,Erek Harfleet,Erek,Harfleet,55(387)322-6848
85,Justina Gosdin,Justina,Gosdin,81(349)168-5517
86,Koralle Kelf,Koralle,Kelf,52(572)373-3046
87,Daniella Gregon,Daniella,Gregon,850(839)808-5074
88,Dalenna Chatto,Dalenna,Chatto,62(895)811-6103
89,Julee Abrahart,Julee,Abrahart,46(295)230-5292
90,Iorgo Ezele,Iorgo,Ezele,86(661)667-6074
91,Jereme Polkinhorn,Jereme,Polkinhorn,7(180)359-2018
92,Amargo Alesi,Amargo,Alesi,33(819)524-5775
93,Rica McGowing,Rica,McGowing,998(108)587-2824
94,Aldin Poyntz,Aldin,Poyntz,7(615)844-9516
95,Eddy Hammond,Eddy,Hammond,351(280)695-9593
96,Rita Arrault,Rita,Arrault,234(735)131-5980
97,Allister Bale,Allister,Bale,7(512)226-1547
98,Willard Lethem,Willard,Lethem,212(780)387-2949
99,Gerry Fend,Gerry,Fend,976(411)733-8335
100,Karlen MacLoughlin,Karlen,MacLoughlin,58(691)376-8801
